"URL","school","Term","Department","Course","book","author","editon","publisher","ISBN-13","ISBN-10","image link","is_required","price"
"https://bnck-12.com/academyoftheholycross","Academy of the Holy Cross","2021-22 School Year ","WORLD LANG ","301 LATIN I","Cambridge Latin Course: Unit 1, North American Edition - Omnibus Workbook 4TH 01","Pope / Farrow / Shaw / Popeck / Bell / Cambridge","4TH 01","Cambridge University Press","978-0bogus-521-78747-5","0-521bogus-78747-5","https://bookinfo.mbsdirect.net/TextbookInfo/Covers/0521787475.gif","Required","$22.25"
"https://bnck-12.com/academyoftheholycross","Academy of the Holy Cross","2021-22 School Year ","WORLD LANG ","301 LATIN I","Cambridge Latin Course: Unit 1 - North American Edition 5TH 15","Cambridge","5TH 15","Cambridge University Press","978-1bogus-107-69063-9","1-107bogus-69063-3","https://bookinfo.mbsdirect.net/TextbookInfo/Covers/1107690633.gif","Required","$27.25$36.25"
"https://bnck-12.com/academyoftheholycross","Academy of the Holy Cross","2021-22 School Year ","WORLD LANG ","301 LATIN I","Cambridge Latin Course: Unit 2, North American Paperback Edition 5TH 15","Cambridge University Press","5TH 15","Cambridge University Press","978-1bogus-107-69900-7","1-107bogus-69900-2","https://bookinfo.mbsdirect.net/TextbookInfo/Covers/1107699002.gif","Required","$36.25"
"https://bnck-12.com/academyoftheholycross","Academy of the Holy Cross","2021-22 School Year ","WORLD LANG ","302 LATIN II","Cambridge Latin Course: Unit 3, North American Edition 5TH 15","Cambridge","5TH 15","Cambridge University Press","978-1bogus-107-67578-0","1-107bogus-67578-2","https://bookinfo.mbsdirect.net/TextbookInfo/Covers/1107675782.gif","Required","$70.25"
"https://bnck-12.com/academyoftheholycross","Academy of the Holy Cross","2021-22 School Year ","WORLD LANG ","306 LATIN III","Cambridge Latin Course: Unit 4 - North American Edition 5TH 15","Cambridge University Press","5TH 15","Cambridge University Press","978-1bogus-107-69327-2","1-107bogus-69327-6","https://bookinfo.mbsdirect.net/TextbookInfo/Covers/1107693276.gif","Required","$52.75$70.25"
"https://bnck-12.com/academyoftheholycross","Academy of the Holy Cross","2021-22 School Year ","WORLD LANG ","306 LATIN III","Bantam New College Latin & English Dictionary 3RD 07","Traupman, John","3RD 07","Bantam Books, Inc.","978-0bogus-553-59012-8","0-553bogus-59012-X","https://bookinfo.mbsdirect.net/TextbookInfo/Covers/055359012.gif","Required","$5.99$7.99"
"https://bnck-12.com/academyoftheholycross","Academy of the Holy Cross","2021-22 School Year ","WORLD LANG ","307 HONORS LATIN IV","Caesar: Selections from his Commentarii De Bello Gallico 2012","Mueller, Hans-Friedrich","2012","Bolchazy-Carducci Publishers, Inc.","978-0bogus-86516-752-0","0-865bogus16-752-4","https://bookinfo.mbsdirect.net/TextbookInfo/Covers/0865167524.gif","Required","$43.00"
"https://bnck-12.com/academyoftheholycross","Academy of the Holy Cross","2021-22 School Year ","WORLD LANG ","307 HONORS LATIN IV","Vergil's Aeneid, Books I-VI 1998","Vergil / Pharr, Clyde","1998","Bolchazy-Carducci Publishers, Inc.","978-0bogus-86516-421-5","0-865bogus16-421-5","https://bookinfo.mbsdirect.net/TextbookInfo/Covers/0865164215.gif","Required","$33.00$44.00"
"https://bnck-12.com/academyoftheholycross","Academy of the Holy Cross","2021-22 School Year ","WORLD LANG ","311 FRENCH I",,,,,,,,,
"https://bnck-12.com/academyoftheholycross","Academy of the Holy Cross","2021-22 School Year ","WORLD LANG ","312 FRENCH II",,,,,,,,,
"https://bnck-12.com/academyoftheholycross","Academy of the Holy Cross","2021-22 School Year ","WORLD LANG ","315 FRENCH III",,,,,,,,,
"https://bnck-12.com/academyoftheholycross","Academy of the Holy Cross","2021-22 School Year ","WORLD LANG ","317 HONORS FRENCH IV",,,,,,,,,
"https://bnck-12.com/academyoftheholycross","Academy of the Holy Cross","2021-22 School Year ","WORLD LANG ","319 AP FRENCH","Themes Supersite Plus + AP French 2ND 22","Kurbegov","2ND 22","Vista Higher Learning (cc)","","","https://bookinfo.mbsdirect.net/TextbookInfo/Covers/M006275721.gif","Required","$177.75"
"https://bnck-12.com/academyoftheholycross","Academy of the Holy Cross","2021-22 School Year ","WORLD LANG ","321 SPANISH I","Descubre 2017 Level 1 Supersite Plus (vText (Online) (36 Months) 3RD 17","Blanco, Jose A.","3RD 17","Vista Higher Learning (cc)","","","https://bookinfo.mbsdirect.net/TextbookInfo/Covers/M006276127.gif","Required","$121.00"
"https://bnck-12.com/academyoftheholycross","Academy of the Holy Cross","2021-22 School Year ","WORLD LANG ","322 SPANISH II","Descubre 2017 Level 2 Supersite Plus (vText) (Online) (36 Months) 3RD 17","Blanco, Jose A.","3RD 17","Vista Higher Learning (cc)","","","https://bookinfo.mbsdirect.net/TextbookInfo/Covers/M006276131.gif","Required","$121.00"
"https://bnck-12.com/academyoftheholycross","Academy of the Holy Cross","2021-22 School Year ","WORLD LANG ","323 SPANISH III","Descubre 2017 Level 3 Supersite Plus (vText (Online) (36 Months) 3RD 17","Blanco, Jose A.","3RD 17","Vista Higher Learning (cc)","","","https://bookinfo.mbsdirect.net/TextbookInfo/Covers/M006276135.gif","Required","$121.00"
"https://bnck-12.com/academyoftheholycross","Academy of the Holy Cross","2021-22 School Year ","WORLD LANG ","351 HONORS FRENCH I",,,,,,,,,
"https://bnck-12.com/academyoftheholycross","Academy of the Holy Cross","2021-22 School Year ","WORLD LANG ","353 HONORS FRENCH III",,,,,,,,,
"https://bnck-12.com/academyoftheholycross","Academy of the Holy Cross","2021-22 School Year ","WORLD LANG ","355 HONORS FRENCH II",,,,,,,,,
"https://bnck-12.com/academyoftheholycross","Academy of the Holy Cross","2021-22 School Year ","WORLD LANG ","357 HONORS FRENCH V",,,,,,,,,
"https://bnck-12.com/academyoftheholycross","Academy of the Holy Cross","2021-22 School Year ","WORLD LANG ","362 HONORS LATIN II","Cambridge Latin Course: Unit 3, North American Edition 5TH 15","Cambridge","5TH 15","Cambridge University Press","978-1bogus-107-67578-0","1-107bogus-67578-2","https://bookinfo.mbsdirect.net/TextbookInfo/Covers/1107675782.gif","Required","$70.25"
"https://bnck-12.com/academyoftheholycross","Academy of the Holy Cross","2021-22 School Year ","WORLD LANG ","363 HONORS LATIN III","Cambridge Latin Course: Unit 4 - North American Edition 5TH 15","Cambridge University Press","5TH 15","Cambridge University Press","978-1bogus-107-69327-2","1-107bogus-69327-6","https://bookinfo.mbsdirect.net/TextbookInfo/Covers/1107693276.gif","Required","$52.75$70.25"
"https://bnck-12.com/academyoftheholycross","Academy of the Holy Cross","2021-22 School Year ","WORLD LANG ","363 HONORS LATIN III","Bantam New College Latin & English Dictionary 3RD 07","Traupman, John","3RD 07","Bantam Books, Inc.","978-0bogus-553-59012-8","0-553bogus-59012-X","https://bookinfo.mbsdirect.net/TextbookInfo/Covers/055359012.gif","Required","$5.99$7.99"
"https://bnck-12.com/academyoftheholycross","Academy of the Holy Cross","2021-22 School Year ","WORLD LANG ","364 AP LATIN","Gallic Wars 2016","Caesar, Julius / Holmes, Thomas (Translator)","2016","Amazon","978-1bogus-5368-7615-4","1-536bogus8-7615-1","https://bookinfo.mbsdirect.net/TextbookInfo/Covers/1536876151.gif","Required","$9.00"
"https://bnck-12.com/academyoftheholycross","Academy of the Holy Cross","2021-22 School Year ","WORLD LANG ","364 AP LATIN","Caesar: Selections from his Commentarii De Bello Gallico 2012","Mueller, Hans-Friedrich","2012","Bolchazy-Carducci Publishers, Inc.","978-0bogus-86516-752-0","0-865bogus16-752-4","https://bookinfo.mbsdirect.net/TextbookInfo/Covers/0865167524.gif","Required","$43.00"
"https://bnck-12.com/academyoftheholycross","Academy of the Holy Cross","2021-22 School Year ","WORLD LANG ","364 AP LATIN","Vergil's Aeneid, Books I-VI 1998","Vergil / Pharr, Clyde","1998","Bolchazy-Carducci Publishers, Inc.","978-0bogus-86516-421-5","0-865bogus16-421-5","https://bookinfo.mbsdirect.net/TextbookInfo/Covers/0865164215.gif","Required","$33.00$44.00"
"https://bnck-12.com/academyoftheholycross","Academy of the Holy Cross","2021-22 School Year ","WORLD LANG ","364 AP LATIN","Aeneid 2005","Virgil / Lombardo, Stanley","2005","Hackett Publishing Co.","978-0bogus-87220-731-8","0-872bogus20-731-5","https://bookinfo.mbsdirect.net/TextbookInfo/Covers/0872207315.gif","Required","$11.25$15.00"
"https://bnck-12.com/academyoftheholycross","Academy of the Holy Cross","2021-22 School Year ","WORLD LANG ","372 HONORS SPANISH II","Descubre 2017 Level 2 Supersite Plus (vText) (Online) (36 Months) 3RD 17","Blanco, Jose A.","3RD 17","Vista Higher Learning (cc)","","","https://bookinfo.mbsdirect.net/TextbookInfo/Covers/M006276131.gif","Required","$121.00"
"https://bnck-12.com/academyoftheholycross","Academy of the Holy Cross","2021-22 School Year ","WORLD LANG ","373 HONORS SPANISH III","Descubre 2017 Level 3 Supersite Plus (vText (Online) (36 Months) 3RD 17","Blanco, Jose A.","3RD 17","Vista Higher Learning (cc)","","","https://bookinfo.mbsdirect.net/TextbookInfo/Covers/M006276135.gif","Required","$121.00"
"https://bnck-12.com/academyoftheholycross","Academy of the Holy Cross","2021-22 School Year ","WORLD LANG ","374 HONORS SPANISH IV","Realidades 4: Vocabulary, Grammar and Communication Workbook 2014","Prentice Hall","2014","Prentice Hall School Division","978-0bogus-13-320210-6","0-13-bogus320210-0","https://bookinfo.mbsdirect.net/TextbookInfo/Covers/0133202100.gif","Required","$29.50"
"https://bnck-12.com/academyoftheholycross","Academy of the Holy Cross","2021-22 School Year ","WORLD LANG ","374 HONORS SPANISH IV","Realidades 4 - 1 Year 2014","Zayas-Bazan","2014","Prentice Hall School Division","978-0bogus-328-92298-7","0-328bogus-92298-6","https://bookinfo.mbsdirect.net/TextbookInfo/Covers/M002144896.gif","Required","$35.50"
"https://bnck-12.com/academyoftheholycross","Academy of the Holy Cross","2021-22 School Year ","WORLD LANG ","375 HONORS SPANISH V","Intrigas - SuperSite Plus and vText Access 3RD 21","Courtad, James C.","3RD 21","Vista Higher Learning","978-1bogus-5433-1603-2","1-543bogus3-1603-4","https://bookinfo.mbsdirect.net/TextbookInfo/Covers/M005948427.gif","Required","$160.00"
"https://bnck-12.com/academyoftheholycross","Academy of the Holy Cross","2021-22 School Year ","WORLD LANG ","377 AP SPANISH LANGUAGE AND C","Temas: AP Spanish Language and Culture - 2 SS Plus Access 2ND 20","Draggett","2ND 20","Vista Higher Learning (cc)","","","https://bookinfo.mbsdirect.net/TextbookInfo/Covers/notavail.gif","Required","$177.75"
"https://bnck-12.com/academyoftheholycross","Academy of the Holy Cross","2021-22 School Year ","OTHER ","102 PEER MINISTRY",,,,,,,,,
"https://bnck-12.com/academyoftheholycross","Academy of the Holy Cross","2021-22 School Year ","OTHER ","185 INTRO TO SPECIAL EDUCATIO",,,,,,,,,
"https://bnck-12.com/academyoftheholycross","Academy of the Holy Cross","2021-22 School Year ","OTHER ","642 INTRO TO SPORTS MEDICINE",,,,,,,,,
"https://bnck-12.com/academyoftheholycross","Academy of the Holy Cross","2021-22 School Year ","ENGLISH ","201 ENGLISH 9","Mythology 2013","Hamilton, Edith","2013","Backbay Books","978-0bogus-316-22333-1","0-316bogus-22333-6","https://bookinfo.mbsdirect.net/TextbookInfo/Covers/0316223336.gif","Required","$13.49$17.99"
"https://bnck-12.com/academyoftheholycross","Academy of the Holy Cross","2021-22 School Year ","ENGLISH ","201 ENGLISH 9","Bean Trees 1989","Kingsolver, Barbara","1989","HarperCollins Publishers","978-0bogus-06-227775-6","0-06-bogus227775-8","https://bookinfo.mbsdirect.net/TextbookInfo/Covers/0062277758.gif","Required","$12.75$17.00"
"https://bnck-12.com/academyoftheholycross","Academy of the Holy Cross","2021-22 School Year ","ENGLISH ","201 ENGLISH 9","Romeo and Juliet (Folger Library Edition) (Updated) 2011","Shakespeare, William","2011","Simon & Schuster, Inc.","978-1bogus-4516-2170-9","1-451bogus6-2170-1","https://bookinfo.mbsdirect.net/TextbookInfo/Covers/1451621701.gif","Required","$7.49$9.99"
"https://bnck-12.com/academyoftheholycross","Academy of the Holy Cross","2021-22 School Year ","ENGLISH ","201 ENGLISH 9","Vocabulary Workshop: Enriched, Level E 2012","Shostak, Jerome","2012","Sadlier-Oxford","978-0bogus-8215-8010-3","0-821bogus5-8010-8","https://bookinfo.mbsdirect.net/TextbookInfo/Covers/0821580108.gif","Required","$15.75"
"https://bnck-12.com/academyoftheholycross","Academy of the Holy Cross","2021-22 School Year ","ENGLISH ","202 ENGLISH 10","How the Garcia Girls Lost Their Accents 2010","Alvarez, Julia","2010","Algonquin Books of Chapel Hill","978-1bogus-56512-975-7","1-565bogus12-975-X","https://bookinfo.mbsdirect.net/TextbookInfo/Covers/156512975X.gif","Required","$16.95"
"https://bnck-12.com/academyoftheholycross","Academy of the Holy Cross","2021-22 School Year ","ENGLISH ","202 ENGLISH 10","Julius Caesar-Folger Edition, Updated 2011","Shakespeare, William","2011","Washington Square Press","978-0bogus-7434-8274-5","0-743bogus4-8274-3","https://bookinfo.mbsdirect.net/TextbookInfo/Covers/M00197952.gif","Required","$6.99"
"https://bnck-12.com/academyoftheholycross","Academy of the Holy Cross","2021-22 School Year ","ENGLISH ","202 ENGLISH 10","Frankenstein 2014","Shelley, Mary Wollstonecraft","2014","Amazon","978-1bogus-5032-6242-3","1-503bogus2-6242-1","https://bookinfo.mbsdirect.net/TextbookInfo/Covers/1503262421.gif","Required","$8.00$10.50"
"https://bnck-12.com/academyoftheholycross","Academy of the Holy Cross","2021-22 School Year ","ENGLISH ","202 ENGLISH 10","Vocabulary Workshop: Enriched, Level E 2012","Shostak, Jerome","2012","Sadlier-Oxford","978-0bogus-8215-8010-3","0-821bogus5-8010-8","https://bookinfo.mbsdirect.net/TextbookInfo/Covers/0821580108.gif","Required","$15.75"
"https://bnck-12.com/academyoftheholycross","Academy of the Holy Cross","2021-22 School Year ","ENGLISH ","203 ENGLISH 11","I Know Why the Caged Bird Sings 2009","Angelou, Maya","2009","Ballantine Books, Inc.","978-0bogus-345-51440-0","0-345bogus-51440-8","https://bookinfo.mbsdirect.net/TextbookInfo/Covers/9780345514400.gif","Required","$5.99$7.99"
"https://bnck-12.com/academyoftheholycross","Academy of the Holy Cross","2021-22 School Year ","ENGLISH ","203 ENGLISH 11","Great Gatsby 2004","Fitzgerald, F. Scott","2004","Charles Scribner's & Sons","978-0bogus-7432-7356-5","0-743bogus2-7356-7","https://bookinfo.mbsdirect.net/TextbookInfo/Covers/0684801523.gif","Required","$12.75$17.00"
"https://bnck-12.com/academyoftheholycross","Academy of the Holy Cross","2021-22 School Year ","ENGLISH ","203 ENGLISH 11","Scarlet Letter 1965","Hawthorne, Nathaniel","1965","Bantam Books, Inc.","978-0bogus-553-21009-5","0-553bogus-21009-2","https://bookinfo.mbsdirect.net/TextbookInfo/Covers/0553210092.gif","Required","$3.71$4.95"
"https://bnck-12.com/academyoftheholycross","Academy of the Holy Cross","2021-22 School Year ","ENGLISH ","203 ENGLISH 11","Vocabulary Workshop: Level G (Enriched Edition) 2012","Shostak, Jerome","2012","Sadlier-Oxford","978-0bogus-8215-8012-7","0-821bogus5-8012-4","https://bookinfo.mbsdirect.net/TextbookInfo/Covers/0821580124.gif","Required","$15.75"
"https://bnck-12.com/academyoftheholycross","Academy of the Holy Cross","2021-22 School Year ","ENGLISH ","217 AP ENGLISH LANGUAGE & COM","Scarlet Letter 1965","Hawthorne, Nathaniel","1965","Bantam Books, Inc.","978-0bogus-553-21009-5","0-553bogus-21009-2","https://bookinfo.mbsdirect.net/TextbookInfo/Covers/0553210092.gif","Required","$3.71$4.95"
"https://bnck-12.com/academyoftheholycross","Academy of the Holy Cross","2021-22 School Year ","ENGLISH ","217 AP ENGLISH LANGUAGE & COM","Beloved - With New Foreword 2004","Morrison, Toni","2004","Vintage Books","978-1bogus-4000-3341-6","1-400bogus0-3341-1","https://bookinfo.mbsdirect.net/TextbookInfo/Covers/1400033411.gif","Required","$12.00$16.00"
"https://bnck-12.com/academyoftheholycross","Academy of the Holy Cross","2021-22 School Year ","ENGLISH ","217 AP ENGLISH LANGUAGE & COM","Vocabulary Workshop: Level G (Enriched Edition) 2012","Shostak, Jerome","2012","Sadlier-Oxford","978-0bogus-8215-8012-7","0-821bogus5-8012-4","https://bookinfo.mbsdirect.net/TextbookInfo/Covers/0821580124.gif","Required","$15.75"
"https://bnck-12.com/academyoftheholycross","Academy of the Holy Cross","2021-22 School Year ","ENGLISH ","218 AP ENGLISH LITERATURE & C","Things Fall Apart 1959","Achebe, Chinua","1959","Anchor Press","978-0bogus-385-47454-2","0-385bogus-47454-7","https://bookinfo.mbsdirect.net/TextbookInfo/Covers/0385474547.gif","Required","$10.50$14.00"
"https://bnck-12.com/academyoftheholycross","Academy of the Holy Cross","2021-22 School Year ","ENGLISH ","218 AP ENGLISH LITERATURE & C","Four Major Plays: A Doll's House, Ghosts, Hedda Gabler, The Master Builder 1994","Ibsen, Henrik","1994","Oxford University Press","978-0bogus-19-953619-1","0-19-bogus953619-8","https://bookinfo.mbsdirect.net/TextbookInfo/Covers/0192815687.gif","Required","$9.95"
"https://bnck-12.com/academyoftheholycross","Academy of the Holy Cross","2021-22 School Year ","ENGLISH ","218 AP ENGLISH LITERATURE & C","Atonement 2001","McEwan, Ian","2001","Anchor Press","978-0bogus-385-72179-0","0-385bogus-72179-X","https://bookinfo.mbsdirect.net/TextbookInfo/Covers/038572179X.gif","Required","$12.71$16.95"
"https://bnck-12.com/academyoftheholycross","Academy of the Holy Cross","2021-22 School Year ","ENGLISH ","218 AP ENGLISH LITERATURE & C","MacBeth - Folger Edition 1992","Shakespeare, William","1992","Washington Square Press","978-0bogus-7434-7710-9","0-743bogus4-7710-3","https://bookinfo.mbsdirect.net/TextbookInfo/Covers/M000604931.gif","Required","$5.24$6.99"
"https://bnck-12.com/academyoftheholycross","Academy of the Holy Cross","2021-22 School Year ","ENGLISH ","226 CREATIVE WRITING (12)",,,,,,,,,
"https://bnck-12.com/academyoftheholycross","Academy of the Holy Cross","2021-22 School Year ","ENGLISH ","228 WOMENS VOICES (12)","Their Eyes Were Watching God, 75th Anniversary Edition 1937","Hurston, Zora Neale","1937","Perennial Library","978-0bogus-06-083867-6","0-06-bogus083867-1","https://bookinfo.mbsdirect.net/TextbookInfo/Covers/0060838671.gif","Required","$13.49$17.99"
"https://bnck-12.com/academyoftheholycross","Academy of the Holy Cross","2021-22 School Year ","ENGLISH ","228 WOMENS VOICES (12)","Interpreter of Maladies 2019","Lahiri, Jhumpa","2019","Houghton Mifflin Harcourt","978-0bogus-358-21326-0","0-358bogus-21326-6","https://bookinfo.mbsdirect.net/TextbookInfo/Covers/0358213266.gif","Required","$15.99"
"https://bnck-12.com/academyoftheholycross","Academy of the Holy Cross","2021-22 School Year ","ENGLISH ","228 WOMENS VOICES (12)","Boy, Snow, Bird 2014","Oyeyemi, Helen","2014","Penguin Books, Inc.","978-1bogus-59463-340-9","1-594bogus63-340-1","https://bookinfo.mbsdirect.net/TextbookInfo/Covers/1594633401.gif","Required","$12.00"
"https://bnck-12.com/academyoftheholycross","Academy of the Holy Cross","2021-22 School Year ","ENGLISH ","231 FANTASTIC REALITIES (12)","Fahrenheit 451 1995","Bradbury, Ray / Hamilton, Tim","1995","Simon & Schuster, Inc.","978-1bogus-4516-7331-9","1-451bogus6-7331-0","https://bookinfo.mbsdirect.net/TextbookInfo/Covers/1451673310.gif","Required","$12.75$17.00"
"https://bnck-12.com/academyoftheholycross","Academy of the Holy Cross","2021-22 School Year ","ENGLISH ","231 FANTASTIC REALITIES (12)","Never Let Me Go 2005","Ishiguro, Kazuo","2005","Vintage Books","978-1bogus-4000-7877-6","1-400bogus0-7877-6","https://bookinfo.mbsdirect.net/TextbookInfo/Covers/1400078776.gif","Required","$12.00$16.00"
"https://bnck-12.com/academyoftheholycross","Academy of the Holy Cross","2021-22 School Year ","ENGLISH ","231 FANTASTIC REALITIES (12)","Blind Willow, Sleeping Woman 2006","Murakami, Haruki","2006","Alfrd A. Knopf, Inc.","978-1bogus-4000-9608-4","1-400bogus0-9608-1","https://bookinfo.mbsdirect.net/TextbookInfo/Covers/1400096081.gif","Required","$16.95"
"https://bnck-12.com/academyoftheholycross","Academy of the Holy Cross","2021-22 School Year ","ENGLISH ","231 FANTASTIC REALITIES (12)","Nineteen Eighty - Four (Centennial Edition) 2003","Orwell, George","2003","Plume Books","978-0bogus-452-28423-4","0-452bogus-28423-6","https://bookinfo.mbsdirect.net/TextbookInfo/Covers/0452284236.gif","Required","$12.75$17.00"
"https://bnck-12.com/academyoftheholycross","Academy of the Holy Cross","2021-22 School Year ","ENGLISH ","232 MULTICULTURAL LITERATURE","Sing, Unburied, Sing: A Novel 2017","Ward, Jesmyn","2017","Charles Scribner's & Sons","978-1bogus-5011-2607-9","1-501bogus1-2607-5","https://bookinfo.mbsdirect.net/TextbookInfo/Covers/1501126075.gif","Required","$12.75$17.00"
"https://bnck-12.com/academyoftheholycross","Academy of the Holy Cross","2021-22 School Year ","ENGLISH ","251 HONORS ENGLISH 9","Mythology 2013","Hamilton, Edith","2013","Backbay Books","978-0bogus-316-22333-1","0-316bogus-22333-6","https://bookinfo.mbsdirect.net/TextbookInfo/Covers/0316223336.gif","Required","$13.49$17.99"
"https://bnck-12.com/academyoftheholycross","Academy of the Holy Cross","2021-22 School Year ","ENGLISH ","251 HONORS ENGLISH 9","Beowulf - A New Verse Translation, Bilingual Edition 2000","Heaney, Seamus (Translator)","2000","W.W. Norton & Co.","978-0bogus-393-32097-8","0-393bogus-32097-9","https://bookinfo.mbsdirect.net/TextbookInfo/Covers/0393320979.gif","Required","$11.96$15.95"
"https://bnck-12.com/academyoftheholycross","Academy of the Holy Cross","2021-22 School Year ","ENGLISH ","251 HONORS ENGLISH 9","Odyssey (Norton Critical Editions) 2020","Homer / Wilson, Emily","2020","W.W. Norton & Co.","978-0bogus-393-65506-3","0-393bogus-65506-7","https://bookinfo.mbsdirect.net/TextbookInfo/Covers/M002354650.gif","Required","$25.50"
"https://bnck-12.com/academyoftheholycross","Academy of the Holy Cross","2021-22 School Year ","ENGLISH ","251 HONORS ENGLISH 9","Bean Trees 1989","Kingsolver, Barbara","1989","HarperCollins Publishers","978-0bogus-06-227775-6","0-06-bogus227775-8","https://bookinfo.mbsdirect.net/TextbookInfo/Covers/0062277758.gif","Required","$12.75$17.00"
"https://bnck-12.com/academyoftheholycross","Academy of the Holy Cross","2021-22 School Year ","ENGLISH ","251 HONORS ENGLISH 9","Romeo and Juliet (Folger Library Edition) (Updated) 2011","Shakespeare, William","2011","Simon & Schuster, Inc.","978-1bogus-4516-2170-9","1-451bogus6-2170-1","https://bookinfo.mbsdirect.net/TextbookInfo/Covers/1451621701.gif","Required","$7.49$9.99"
"https://bnck-12.com/academyoftheholycross","Academy of the Holy Cross","2021-22 School Year ","ENGLISH ","251 HONORS ENGLISH 9","Vocabulary Workshop: Enriched, Level E 2012","Shostak, Jerome","2012","Sadlier-Oxford","978-0bogus-8215-8010-3","0-821bogus5-8010-8","https://bookinfo.mbsdirect.net/TextbookInfo/Covers/0821580108.gif","Required","$15.75"
"https://bnck-12.com/academyoftheholycross","Academy of the Holy Cross","2021-22 School Year ","ENGLISH ","252 HONORS ENGLISH 10","Pride and Prejudice (REV)03","Austen, Jane / Jones, Vivien","(REV)03","Penguin Classics","978-0bogus-14-143951-8","0-14-bogus143951-3","https://bookinfo.mbsdirect.net/TextbookInfo/Covers/0141439513.gif","Required","$6.75$9.00"
"https://bnck-12.com/academyoftheholycross","Academy of the Holy Cross","2021-22 School Year ","ENGLISH ","252 HONORS ENGLISH 10","Julius Caesar-Folger Edition, Updated 2011","Shakespeare, William","2011","Washington Square Press","978-0bogus-7434-8274-5","0-743bogus4-8274-3","https://bookinfo.mbsdirect.net/TextbookInfo/Covers/M00197952.gif","Required","$6.99"
"https://bnck-12.com/academyoftheholycross","Academy of the Holy Cross","2021-22 School Year ","ENGLISH ","252 HONORS ENGLISH 10","Frankenstein 2014","Shelley, Mary Wollstonecraft","2014","Amazon","978-1bogus-5032-6242-3","1-503bogus2-6242-1","https://bookinfo.mbsdirect.net/TextbookInfo/Covers/1503262421.gif","Required","$8.00$10.50"
"https://bnck-12.com/academyoftheholycross","Academy of the Holy Cross","2021-22 School Year ","ENGLISH ","252 HONORS ENGLISH 10","Vocabulary Workshop: Enriched, Level E 2012","Shostak, Jerome","2012","Sadlier-Oxford","978-0bogus-8215-8010-3","0-821bogus5-8010-8","https://bookinfo.mbsdirect.net/TextbookInfo/Covers/0821580108.gif","Required","$15.75"
"https://bnck-12.com/academyoftheholycross","Academy of the Holy Cross","2021-22 School Year ","ENGLISH ","EN 227 SHORT FICTION MARYMOUNT (","Perrine's Story and Structure - With 2016 MLA Card 14TH 15","Johnson, Greg","14TH 15","Cengage Learning","978-1bogus-337-28441-7","1-337bogus-28441-6","https://bookinfo.mbsdirect.net/TextbookInfo/Covers/1337284416.gif","Required","$100.00"
"https://bnck-12.com/academyoftheholycross","Academy of the Holy Cross","2021-22 School Year ","ENGLISH ","EN 270 APPROACHES TO CREATIVE WR",,,,,,,,,
"https://bnck-12.com/academyoftheholycross","Academy of the Holy Cross","2021-22 School Year ","SOCIAL STU ","912 US HISTORY","United States History - 1 Year License 2016","Lapansky","2016","Prentice Hall School Division","978-0bogus-13-332825-7","0-13-bogus332825-2","https://bookinfo.mbsdirect.net/TextbookInfo/Covers/M001745001.gif","Required","$36.75"
"https://bnck-12.com/academyoftheholycross","Academy of the Holy Cross","2021-22 School Year ","SOCIAL STU ","926 AFRICAN AMERICAN HISTORY",,,,,,,,,
"https://bnck-12.com/academyoftheholycross","Academy of the Holy Cross","2021-22 School Year ","SOCIAL STU ","934 ECONOMICS",,,,,,,,,
"https://bnck-12.com/academyoftheholycross","Academy of the Holy Cross","2021-22 School Year ","SOCIAL STU ","936 US GOVERNMENT",,,,,,,,,
"https://bnck-12.com/academyoftheholycross","Academy of the Holy Cross","2021-22 School Year ","SOCIAL STU ","937 CONSTITUTIONAL LAW",,,,,,,,,
"https://bnck-12.com/academyoftheholycross","Academy of the Holy Cross","2021-22 School Year ","SOCIAL STU ","939 CRIMINAL AND CIVIL LAW","Street Law: A Course In Practical Law 1-Year 2021","Arbetman","2021","Glencoe Publishing Co.","978-0bogus-07-681507-4","0-07-bogus681507-2","https://bookinfo.mbsdirect.net/TextbookInfo/Covers/M002353213.gif","Required","$29.75"
"https://bnck-12.com/academyoftheholycross","Academy of the Holy Cross","2021-22 School Year ","SOCIAL STU ","956 GEOGRAPHY",,,,,,,,,
"https://bnck-12.com/academyoftheholycross","Academy of the Holy Cross","2021-22 School Year ","SOCIAL STU ","957 HONORS US GOVERNMENT",,,,,,,,,
"https://bnck-12.com/academyoftheholycross","Academy of the Holy Cross","2021-22 School Year ","SOCIAL STU ","958 GLOBAL CIVILIZATION","World History: Survey 1 Year 2020","Houghton Mifflin","2020","Houghton Mifflin-High School","978-0bogus-358-39677-2","0-358bogus-39677-8","https://bookinfo.mbsdirect.net/TextbookInfo/Covers/M005053469.gif","Required","$26.75"
"https://bnck-12.com/academyoftheholycross","Academy of the Holy Cross","2021-22 School Year ","SOCIAL STU ","959 AP HUMAN GEOGRAPHY","Geo. Cultural Landscape - Modified Mastering 13TH 20","Rubenstein","13TH 20","Savvas Learning Company Llc","978-0bogus-13-745206-4","0-13-bogus745206-3","https://bookinfo.mbsdirect.net/TextbookInfo/Covers/M006210519.gif","Required","$66.75"
"https://bnck-12.com/academyoftheholycross","Academy of the Holy Cross","2021-22 School Year ","SOCIAL STU ","969 HONORS GLOBAL ECONOMICS",,,,,,,,,
"https://bnck-12.com/academyoftheholycross","Academy of the Holy Cross","2021-22 School Year ","SOCIAL STU ","991 AP US HISTORY","Give Me Liberty! -eBbook INQ. Regulation Access 6TH 20","Foner, Eric","6TH 20","W.W. Norton & Co.","978-0bogus-393-69702-5","0-393bogus-69702-9","https://bookinfo.mbsdirect.net/TextbookInfo/Covers/M004416635.gif","Required","$80.00"
"https://bnck-12.com/academyoftheholycross","Academy of the Holy Cross","2021-22 School Year ","SOCIAL STU ","994 AP COMPARATIVE GOVERNMENT","Essentials of Comparative Politics... 7TH 20","O'Neil","7TH 20","W.W. Norton & Co.","978-0bogus-393-54222-6","0-393bogus-54222-X","https://bookinfo.mbsdirect.net/TextbookInfo/Covers/M006153060.gif","Required","$53.50"
"https://bnck-12.com/academyoftheholycross","Academy of the Holy Cross","2021-22 School Year ","SOCIAL STU ","994 AP COMPARATIVE GOVERNMENT","Essentials of Comparative Politics with Cases 7TH 21","O'Neil, Patrick H. / Fields, Karl J. / Share, Don","7TH 21","W.W. Norton & Co.","978-0bogus-393-54224-0","0-393bogus-54224-6","https://bookinfo.mbsdirect.net/TextbookInfo/Covers/0393542246.gif","Optional","$75.00$100.00"
"https://bnck-12.com/academyoftheholycross","Academy of the Holy Cross","2021-22 School Year ","SOCIAL STU ","995 AP PSYCHOLOGY","Psychology for Ap Course, Updated 3RD 21","Myers, David G. / DeWall, C. Nathan","3RD 21","MacMillan Higher Education","978-1bogus-319-36254-6","1-319bogus-36254-0","https://bookinfo.mbsdirect.net/TextbookInfo/Covers/1319362540.gif","Required","$145.25$193.75"
"https://bnck-12.com/academyoftheholycross","Academy of the Holy Cross","2021-22 School Year ","SOCIAL STU ","ECO 210 MICROECONOMICS MARYMOUNT","Modern Principles: Microeconomics 4TH 18","Cowen, Tyler / Tabarrok, Alex","4TH 18","Worth Publishers, Inc.","978-1bogus-319-09876-6","1-319bogus-09876-2","https://bookinfo.mbsdirect.net/TextbookInfo/Covers/M002085901.gif","Required","$231.75$309.00"
"https://bnck-12.com/academyoftheholycross","Academy of the Holy Cross","2021-22 School Year ","MATH ","412 ALGEBRA 1","Algebra 1 - Practice and Problem Solving Workbook 2012","Larson, Ron","2012","Prentice Hall School Division","978-0bogus-13-318561-4","0-13-bogus318561-3","https://bookinfo.mbsdirect.net/TextbookInfo/Covers/M001214061.gif","Required","$12.00"
"https://bnck-12.com/academyoftheholycross","Academy of the Holy Cross","2021-22 School Year ","MATH ","412 ALGEBRA 1","Algebra 1 Digital Courseware - 1 Year Access 2015","Prentice Hall","2015","Prentice Hall School Division","978-0bogus-13-331574-5","0-13-bogus331574-6","https://bookinfo.mbsdirect.net/TextbookInfo/Covers/M001990526.gif","Required","$34.75"
"https://bnck-12.com/academyoftheholycross","Academy of the Holy Cross","2021-22 School Year ","MATH ","414 GEOMETRY","Geometry - Common Core - Online Access 2015","Charles","2015","Prentice Hall School Division","978-0bogus-13-331571-4","0-13-bogus331571-1","https://bookinfo.mbsdirect.net/TextbookInfo/Covers/0133315711.gif","Required","$34.75"
"https://bnck-12.com/academyoftheholycross","Academy of the Holy Cross","2021-22 School Year ","MATH ","414 GEOMETRY","Geometry, Common Core - Practice Workbook 2012","Prentice Hall","2012","Prentice Hall School Division","978-0bogus-13-318596-6","0-13-bogus318596-6","https://bookinfo.mbsdirect.net/TextbookInfo/Covers/M001217960.gif","Required","$12.00"
"https://bnck-12.com/academyoftheholycross","Academy of the Holy Cross","2021-22 School Year ","MATH ","415 HONORS ALGEBRA 1","Algebra 1 - Practice and Problem Solving Workbook 2012","Larson, Ron","2012","Prentice Hall School Division","978-0bogus-13-318561-4","0-13-bogus318561-3","https://bookinfo.mbsdirect.net/TextbookInfo/Covers/M001214061.gif","Required","$12.00"
"https://bnck-12.com/academyoftheholycross","Academy of the Holy Cross","2021-22 School Year ","MATH ","415 HONORS ALGEBRA 1","Algebra 1 Digital Courseware - 1 Year Access 2015","Prentice Hall","2015","Prentice Hall School Division","978-0bogus-13-331574-5","0-13-bogus331574-6","https://bookinfo.mbsdirect.net/TextbookInfo/Covers/M001990526.gif","Required","$34.75"
"https://bnck-12.com/academyoftheholycross","Academy of the Holy Cross","2021-22 School Year ","MATH ","416 ALGEBRA 2","Algebra 2: Common Core - Online Access 2015","Prentice Hall","2015","Prentice Hall School Division","978-0bogus-13-331805-0","0-13-bogus331805-2","https://bookinfo.mbsdirect.net/TextbookInfo/Covers/M001751450.gif","Required","$34.75"
"https://bnck-12.com/academyoftheholycross","Academy of the Holy Cross","2021-22 School Year ","MATH ","417 ALGEBRA 2 WITH ANALYSIS","Algebra 2: Common Core - Online Access 2015","Prentice Hall","2015","Prentice Hall School Division","978-0bogus-13-331805-0","0-13-bogus331805-2","https://bookinfo.mbsdirect.net/TextbookInfo/Covers/M001751450.gif","Required","$34.75"
"https://bnck-12.com/academyoftheholycross","Academy of the Holy Cross","2021-22 School Year ","MATH ","421 CALCULUS APPLICATIONS","MyLab Math for School (1-year Access) 2012","Prentice Hall","2012","Prentice Hall, Inc.","978-0bogus-13-313548-0","0-13-bogus313548-9","https://bookinfo.mbsdirect.net/TextbookInfo/Covers/M001367158.gif","Required","$70.00"
"https://bnck-12.com/academyoftheholycross","Academy of the Holy Cross","2021-22 School Year ","MATH ","423 AP CALCULUS AB","MyLab Math for School (1-year Access) 2012","Prentice Hall","2012","Prentice Hall, Inc.","978-0bogus-13-313548-0","0-13-bogus313548-9","https://bookinfo.mbsdirect.net/TextbookInfo/Covers/M001367158.gif","Required","$70.00"
"https://bnck-12.com/academyoftheholycross","Academy of the Holy Cross","2021-22 School Year ","MATH ","424 AP CALCULUS BC","MyLab Math for School (1-year Access) 2012","Prentice Hall","2012","Prentice Hall, Inc.","978-0bogus-13-313548-0","0-13-bogus313548-9","https://bookinfo.mbsdirect.net/TextbookInfo/Covers/M001367158.gif","Required","$70.00"
"https://bnck-12.com/academyoftheholycross","Academy of the Holy Cross","2021-22 School Year ","MATH ","429 PRECALCULUS",,,,,,,,,
"https://bnck-12.com/academyoftheholycross","Academy of the Holy Cross","2021-22 School Year ","MATH ","430 HONORS PRECALCULUS","MyLab Math for School (1-year Access) 2012","Prentice Hall","2012","Prentice Hall, Inc.","978-0bogus-13-313548-0","0-13-bogus313548-9","https://bookinfo.mbsdirect.net/TextbookInfo/Covers/M001367158.gif","Required","$70.00"
"https://bnck-12.com/academyoftheholycross","Academy of the Holy Cross","2021-22 School Year ","MATH ","435 PRECALCULUS WITH ANALYSIS","MyLab Math for School (1-year Access) 2012","Prentice Hall","2012","Prentice Hall, Inc.","978-0bogus-13-313548-0","0-13-bogus313548-9","https://bookinfo.mbsdirect.net/TextbookInfo/Covers/M001367158.gif","Required","$70.00"
"https://bnck-12.com/academyoftheholycross","Academy of the Holy Cross","2021-22 School Year ","MATH ","452 HONORS GEOMETRY","Geometry - Common Core - Online Access 2015","Charles","2015","Prentice Hall School Division","978-0bogus-13-331571-4","0-13-bogus331571-1","https://bookinfo.mbsdirect.net/TextbookInfo/Covers/0133315711.gif","Required","$34.75"
"https://bnck-12.com/academyoftheholycross","Academy of the Holy Cross","2021-22 School Year ","MATH ","455 HONORS ALGEBRA 2","Algebra 2: Common Core - Online Access 2015","Prentice Hall","2015","Prentice Hall School Division","978-0bogus-13-331805-0","0-13-bogus331805-2","https://bookinfo.mbsdirect.net/TextbookInfo/Covers/M001751450.gif","Required","$34.75"
"https://bnck-12.com/academyoftheholycross","Academy of the Holy Cross","2021-22 School Year ","MATH ","458 AP STATISTICS","Practice of Statistics, Updated - SaplingPlus 6TH 20","ACAD. Holly Cross","6TH 20","Sapling Learning","","","https://bookinfo.mbsdirect.net/TextbookInfo/Covers/M006181753.gif","Required","$142.00"
"https://bnck-12.com/academyoftheholycross","Academy of the Holy Cross","2021-22 School Year ","PE-HEALTH ","562 MUSICAL THEATRE DANCE",,,,,,,,,
"https://bnck-12.com/academyoftheholycross","Academy of the Holy Cross","2021-22 School Year ","PE-HEALTH ","564 JAZZ/HIP HOP",,,,,,,,,
"https://bnck-12.com/academyoftheholycross","Academy of the Holy Cross","2021-22 School Year ","PE-HEALTH ","569 MODERN DANCE",,,,,,,,,
"https://bnck-12.com/academyoftheholycross","Academy of the Holy Cross","2021-22 School Year ","PE-HEALTH ","601 HEALTH","Health - 1 Year Online Student Edition 2013","Glencoe Health","2013","Glencoe Publishing Co.","978-0bogus-07-660813-3","0-07-bogus660813-1","https://bookinfo.mbsdirect.net/TextbookInfo/Covers/0076608131.gif","Required","$29.75"
"https://bnck-12.com/academyoftheholycross","Academy of the Holy Cross","2021-22 School Year ","PE-HEALTH ","602 PHYSICAL EDUCATION I TEAM",,,,,,,,,
"https://bnck-12.com/academyoftheholycross","Academy of the Holy Cross","2021-22 School Year ","PE-HEALTH ","621 PHYSICAL EDUCATION II LIF",,,,,,,,,
"https://bnck-12.com/academyoftheholycross","Academy of the Holy Cross","2021-22 School Year ","PE-HEALTH ","642 INTRO TO SPORTS MEDICINE",,,,,,,,,
"https://bnck-12.com/academyoftheholycross","Academy of the Holy Cross","2021-22 School Year ","SCIENCE ","159 PLTW AP COMPUTER SCIENCE",,,,,,,,,
"https://bnck-12.com/academyoftheholycross","Academy of the Holy Cross","2021-22 School Year ","SCIENCE ","803 BIOLOGY",,,,,,,,,
"https://bnck-12.com/academyoftheholycross","Academy of the Holy Cross","2021-22 School Year ","SCIENCE ","816 GENERAL CHEMISTRY",,,,,,,,,
"https://bnck-12.com/academyoftheholycross","Academy of the Holy Cross","2021-22 School Year ","SCIENCE ","817 PHYSICS",,,,,,,,,
"https://bnck-12.com/academyoftheholycross","Academy of the Holy Cross","2021-22 School Year ","SCIENCE ","823 NEUROBIOLOGY",,,,,,,,,
"https://bnck-12.com/academyoftheholycross","Academy of the Holy Cross","2021-22 School Year ","SCIENCE ","824 GLOBAL HEALTH",,,,,,,,,
"https://bnck-12.com/academyoftheholycross","Academy of the Holy Cross","2021-22 School Year ","SCIENCE ","835 HUMAN ANATOMY AND PHYSIOL",,,,,,,,,
"https://bnck-12.com/academyoftheholycross","Academy of the Holy Cross","2021-22 School Year ","SCIENCE ","842 PLTW HON INTRO ENG DES",,,,,,,,,
"https://bnck-12.com/academyoftheholycross","Academy of the Holy Cross","2021-22 School Year ","SCIENCE ","843 PLTW HON PRINC ENG",,,,,,,,,
"https://bnck-12.com/academyoftheholycross","Academy of the Holy Cross","2021-22 School Year ","SCIENCE ","851 MOLECULAR AND CELL BIOLOG","Immortal Life of Henrietta Lacks 2010","Skloot, Rebecca","2010","Broadway Books","978-1bogus-4000-5218-9","1-400bogus0-5218-1","https://bookinfo.mbsdirect.net/TextbookInfo/Covers/1400052181.gif","Required","$12.75$17.00"
"https://bnck-12.com/academyoftheholycross","Academy of the Holy Cross","2021-22 School Year ","SCIENCE ","852 HONORS BIOLOGY",,,,,,,,,
"https://bnck-12.com/academyoftheholycross","Academy of the Holy Cross","2021-22 School Year ","SCIENCE ","854 AP BIOLOGY","Principles of Life 3RD 19","Hillis, D. / Price, M. / Hill, R. /Hall, D. / Laskowski, M.","3RD 19","Sinauer Associates, Inc.","978-1bogus-319-01771-2","1-319bogus-01771-1","https://bookinfo.mbsdirect.net/TextbookInfo/Covers/1319017711.gif","Required","$175.00$233.25"
"https://bnck-12.com/academyoftheholycross","Academy of the Holy Cross","2021-22 School Year ","SCIENCE ","855 AP PHYSICS C MECHANICS",,,,,,,,,
"https://bnck-12.com/academyoftheholycross","Academy of the Holy Cross","2021-22 School Year ","SCIENCE ","856 HONORS CHEMISTRY",,,,,,,,,
"https://bnck-12.com/academyoftheholycross","Academy of the Holy Cross","2021-22 School Year ","SCIENCE ","857 HONORS PHYSICS",,,,,,,,,
"https://bnck-12.com/academyoftheholycross","Academy of the Holy Cross","2021-22 School Year ","SCIENCE ","889 AP ENVIRONMENTAL SCIENCE","Environmental Science for the AP Course 3RD 19","Friedland, Andrew / Relyea, Rick","3RD 19","W.H. Freeman","978-1bogus-319-11329-2","1-319bogus-11329-X","https://bookinfo.mbsdirect.net/TextbookInfo/Covers/M002259175.gif","Required","$140.25$187.00"
"https://bnck-12.com/academyoftheholycross","Academy of the Holy Cross","2021-22 School Year ","TECHNOLOGY ","151 YEARBOOK (FALL)",,,,,,,,,
"https://bnck-12.com/academyoftheholycross","Academy of the Holy Cross","2021-22 School Year ","TECHNOLOGY ","154 TECH CONCEPTS, APPLICATIO",,,,,,,,,
"https://bnck-12.com/academyoftheholycross","Academy of the Holy Cross","2021-22 School Year ","TECHNOLOGY ","156 INTRO TO COMP PROGRAMMING",,,,,,,,,
"https://bnck-12.com/academyoftheholycross","Academy of the Holy Cross","2021-22 School Year ","TECHNOLOGY ","158 MULTIMEDIA JOURNALISM I",,,,,,,,,
"https://bnck-12.com/academyoftheholycross","Academy of the Holy Cross","2021-22 School Year ","TECHNOLOGY ","159 PLTW AP COMPUTER SCIENCE",,,,,,,,,
"https://bnck-12.com/academyoftheholycross","Academy of the Holy Cross","2021-22 School Year ","TECHNOLOGY ","161 MULTIMEDIA JOURNALISM II",,,,,,,,,
"https://bnck-12.com/academyoftheholycross","Academy of the Holy Cross","2021-22 School Year ","TECHNOLOGY ","162 YEARBOOK I",,,,,,,,,
"https://bnck-12.com/academyoftheholycross","Academy of the Holy Cross","2021-22 School Year ","TECHNOLOGY ","163 YEARBOOK II",,,,,,,,,
"https://bnck-12.com/academyoftheholycross","Academy of the Holy Cross","2021-22 School Year ","TECHNOLOGY ","167 ADOBE WEB DESIGN",,,,,,,,,
"https://bnck-12.com/academyoftheholycross","Academy of the Holy Cross","2021-22 School Year ","TECHNOLOGY ","842 PLTW: HONORS INTRO TO ENG",,,,,,,,,
"https://bnck-12.com/academyoftheholycross","Academy of the Holy Cross","2021-22 School Year ","THEOLOGY ","700 KNOWING GOD 9",,,,,,,,,
"https://bnck-12.com/academyoftheholycross","Academy of the Holy Cross","2021-22 School Year ","THEOLOGY ","705 LOVING GOD 9",,,,,,,,,
"https://bnck-12.com/academyoftheholycross","Academy of the Holy Cross","2021-22 School Year ","THEOLOGY ","706 HONORS LOVING GOD 9",,,,,,,,,
"https://bnck-12.com/academyoftheholycross","Academy of the Holy Cross","2021-22 School Year ","THEOLOGY ","707 FOLLOWING JESUS 10",,,,,,,,,
"https://bnck-12.com/academyoftheholycross","Academy of the Holy Cross","2021-22 School Year ","THEOLOGY ","708 HONORS FOLLOWING JESUS 10",,,,,,,,,
"https://bnck-12.com/academyoftheholycross","Academy of the Holy Cross","2021-22 School Year ","THEOLOGY ","709 BEING THE CHURCH 10",,,,,,,,,
"https://bnck-12.com/academyoftheholycross","Academy of the Holy Cross","2021-22 School Year ","THEOLOGY ","710 HON BEING THE CHURCH 10",,,,,,,,,
"https://bnck-12.com/academyoftheholycross","Academy of the Holy Cross","2021-22 School Year ","THEOLOGY ","713 SERVING GODS KINGDOM 11","DOCAT: Catholic Social Teaching for Youth 2016","Meuser, Bernhard","2016","Ignatius Press","978-1bogus-62164-049-3","1-621bogus64-049-3","https://bookinfo.mbsdirect.net/TextbookInfo/Covers/M001921677.gif","Required","$20.00"
"https://bnck-12.com/academyoftheholycross","Academy of the Holy Cross","2021-22 School Year ","THEOLOGY ","717 HONORS KNOWING GOD 9",,,,,,,,,
"https://bnck-12.com/academyoftheholycross","Academy of the Holy Cross","2021-22 School Year ","THEOLOGY ","719 LIVING IN CHRIST 11",,,,,,,,,
"https://bnck-12.com/academyoftheholycross","Academy of the Holy Cross","2021-22 School Year ","THEOLOGY ","720 HON LIVING IN CHRIST 10",,,,,,,,,
"https://bnck-12.com/academyoftheholycross","Academy of the Holy Cross","2021-22 School Year ","THEOLOGY ","724 HONORS SERVING GODS KINGD","DOCAT: Catholic Social Teaching for Youth 2016","Meuser, Bernhard","2016","Ignatius Press","978-1bogus-62164-049-3","1-621bogus64-049-3","https://bookinfo.mbsdirect.net/TextbookInfo/Covers/M001921677.gif","Required","$20.00"
"https://bnck-12.com/academyoftheholycross","Academy of the Holy Cross","2021-22 School Year ","THEOLOGY ","787 ENCOUNTERING WORLD RELIGI",,,,,,,,,
"https://bnck-12.com/academyoftheholycross","Academy of the Holy Cross","2021-22 School Year ","THEOLOGY ","TRS 202 RELIGIONS OF THE WORLD-MA",,,,,,,,,
"https://bnck-12.com/academyoftheholycross","Academy of the Holy Cross","2021-22 School Year ","VISUAL ART ","11 STUDIO ART 1",,,,,,,,,
"https://bnck-12.com/academyoftheholycross","Academy of the Holy Cross","2021-22 School Year ","VISUAL ART ","12 STUDIO ART 2",,,,,,,,,
"https://bnck-12.com/academyoftheholycross","Academy of the Holy Cross","2021-22 School Year ","VISUAL ART ","19 CERAMICS I",,,,,,,,,
"https://bnck-12.com/academyoftheholycross","Academy of the Holy Cross","2021-22 School Year ","VISUAL ART ","21 CERAMICS II",,,,,,,,,
"https://bnck-12.com/academyoftheholycross","Academy of the Holy Cross","2021-22 School Year ","VISUAL ART ","29 PHOTOGRAPHY I",,,,,,,,,
"https://bnck-12.com/academyoftheholycross","Academy of the Holy Cross","2021-22 School Year ","VISUAL ART ","30 PHOTOGRAPHY II",,,,,,,,,
"https://bnck-12.com/academyoftheholycross","Academy of the Holy Cross","2021-22 School Year ","VISUAL ART ","53 AP 2D ART AND DESIGN",,,,,,,,,
"https://bnck-12.com/academyoftheholycross","Academy of the Holy Cross","2021-22 School Year ","VISUAL ART ","54 AP 3D ART AND DESIGN",,,,,,,,,
"https://bnck-12.com/academyoftheholycross","Academy of the Holy Cross","2021-22 School Year ","VISUAL ART ","55 AP DRAWING",,,,,,,,,
"https://bnck-12.com/academyoftheholycross","Academy of the Holy Cross","2021-22 School Year ","PERF ARTS ","512 MADRIGAL SINGERS",,,,,,,,,
"https://bnck-12.com/academyoftheholycross","Academy of the Holy Cross","2021-22 School Year ","PERF ARTS ","514 HONORS MADRIGAL SINGERS",,,,,,,,,
"https://bnck-12.com/academyoftheholycross","Academy of the Holy Cross","2021-22 School Year ","PERF ARTS ","521 INSTRUMENTAL ENSEMBLE",,,,,,,,,
"https://bnck-12.com/academyoftheholycross","Academy of the Holy Cross","2021-22 School Year ","PERF ARTS ","523 GUITAR SEMINAR",,,,,,,,,
"https://bnck-12.com/academyoftheholycross","Academy of the Holy Cross","2021-22 School Year ","PERF ARTS ","526 GLEE CHOIR",,,,,,,,,
"https://bnck-12.com/academyoftheholycross","Academy of the Holy Cross","2021-22 School Year ","PERF ARTS ","531 TECHNICAL THEATRE",,,,,,,,,
"https://bnck-12.com/academyoftheholycross","Academy of the Holy Cross","2021-22 School Year ","PERF ARTS ","533 INTRO TO FILM",,,,,,,,,
"https://bnck-12.com/academyoftheholycross","Academy of the Holy Cross","2021-22 School Year ","PERF ARTS ","541 PUBLIC SPEAKING",,,,,,,,,
"https://bnck-12.com/academyoftheholycross","Academy of the Holy Cross","2021-22 School Year ","PERF ARTS ","547 ACTING I",,,,,,,,,
"https://bnck-12.com/academyoftheholycross","Academy of the Holy Cross","2021-22 School Year ","PERF ARTS ","548 ACTING II",,,,,,,,,
"https://bnck-12.com/academyoftheholycross","Academy of the Holy Cross","2021-22 School Year ","PERF ARTS ","562 MUSICAL THEATRE DANCE",,,,,,,,,
"https://bnck-12.com/academyoftheholycross","Academy of the Holy Cross","2021-22 School Year ","PERF ARTS ","564 JAZZ/HIP-HOP I",,,,,,,,,
"https://bnck-12.com/academyoftheholycross","Academy of the Holy Cross","2021-22 School Year ","PERF ARTS ","569 MODERN DANCE",,,,,,,,,
"https://bnck-12.com/all-saints","All Saints Episcopal School","2021-2022 School Year ","US Electives ","BIBLICAL THEOLOGY",,,,,,,,,
"https://bnck-12.com/all-saints","All Saints Episcopal School","2021-2022 School Year ","US Electives ","BROADCAST",,,,,,,,,
"https://bnck-12.com/all-saints","All Saints Episcopal School","2021-2022 School Year ","US Electives ","DEBATE COURSES",,,,,,,,,
"https://bnck-12.com/all-saints","All Saints Episcopal School","2021-2022 School Year ","US Electives ","FABRICATION",,,,,,,,,
"https://bnck-12.com/all-saints","All Saints Episcopal School","2021-2022 School Year ","US Electives ","FINE ARTS",,,,,,,,,
"https://bnck-12.com/all-saints","All Saints Episcopal School","2021-2022 School Year ","US Electives ","THEOLOGY ELECTIVES",,,,,,,,,
"https://bnck-12.com/all-saints","All Saints Episcopal School","2021-2022 School Year ","US Electives ","YEARBOOK",,,,,,,,,
"https://bnck-12.com/all-saints","All Saints Episcopal School","2021-2022 School Year ","US English ","AP LANG & COMP 11",,,,,,,,,
"https://bnck-12.com/all-saints","All Saints Episcopal School","2021-2022 School Year ","US English ","AP LIT & COMP 12",,,,,,,,,
"https://bnck-12.com/all-saints","All Saints Episcopal School","2021-2022 School Year ","US English ","ENG II & HON ENG II",,,,,,,,,
"https://bnck-12.com/all-saints","All Saints Episcopal School","2021-2022 School Year ","US English ","ENGLISH I & HON ENGI",,,,,,,,,
"https://bnck-12.com/all-saints","All Saints Episcopal School","2021-2022 School Year ","US English ","ENGLISH III",,,,,,,,,
"https://bnck-12.com/all-saints","All Saints Episcopal School","2021-2022 School Year ","US English ","SR. ENG ELECTIVES",,,,,,,,,
"https://bnck-12.com/all-saints","All Saints Episcopal School","2021-2022 School Year ","US Math ","ALGE II & HON ALGEII",,,,,,,,,
"https://bnck-12.com/all-saints","All Saints Episcopal School","2021-2022 School Year ","US Math ","ALGEBRA 1",,,,,,,,,
"https://bnck-12.com/all-saints","All Saints Episcopal School","2021-2022 School Year ","US Math ","AP CALCULUS","AP Calculus Book Fee LATEST","All Saints Ep.","LATEST","All Saints Episcopal School","","","https://bookinfo.mbsdirect.net/TextbookInfo/Covers/M006239501.gif","Required","$92.50"
"https://bnck-12.com/all-saints","All Saints Episcopal School","2021-2022 School Year ","US Math ","AP CALCULUS","",,,,,,,"",""
"https://bnck-12.com/all-saints","All Saints Episcopal School","2021-2022 School Year ","US Math ","AP STATISITICS","AP Statistics Book Fee LATEST","All Saints Ep.","LATEST","All Saints Episcopal School","","","https://bookinfo.mbsdirect.net/TextbookInfo/Covers/M006239585.gif","Required","$112.50"
"https://bnck-12.com/all-saints","All Saints Episcopal School","2021-2022 School Year ","US Math ","AP STATISITICS","5 Steps to 5: AP Statistics 2022 2021","Hinders, Jared","2021","McGraw-Hill Publishing Company","978-1bogus-264-26734-7","1-264bogus-26734-7","https://bookinfo.mbsdirect.net/TextbookInfo/Covers/M006245556.gif","Required","$18.00"
"https://bnck-12.com/all-saints","All Saints Episcopal School","2021-2022 School Year ","US Math ","GEOMETRY & HON GEOM",,,,,,,,,
"https://bnck-12.com/all-saints","All Saints Episcopal School","2021-2022 School Year ","US Math ","HONORS ALGEBRA 1",,,,,,,,,
"https://bnck-12.com/all-saints","All Saints Episcopal School","2021-2022 School Year ","US Math ","HONORS PRECALCULUS",,,,,,,,,
"https://bnck-12.com/all-saints","All Saints Episcopal School","2021-2022 School Year ","US Math ","PRECALCULUS",,,,,,,,,
"https://bnck-12.com/all-saints","All Saints Episcopal School","2021-2022 School Year ","US Science ","ANATOMY & PHYSIOLOGY",,,,,,,,,
"https://bnck-12.com/all-saints","All Saints Episcopal School","2021-2022 School Year ","US Science ","AP CHEMISTRY","AP Chemistry Resource LATEST","All Saints Episcopal","LATEST","All Saints Episcopal School","","","https://bookinfo.mbsdirect.net/TextbookInfo/Covers/M002081275.gif","Required","$52.50"
"https://bnck-12.com/all-saints","All Saints Episcopal School","2021-2022 School Year ","US Science ","AP CHEMISTRY","",,,,,,,"",""
"https://bnck-12.com/all-saints","All Saints Episcopal School","2021-2022 School Year ","US Science ","AP PHYSICS C",,,,,,,,,
"https://bnck-12.com/all-saints","All Saints Episcopal School","2021-2022 School Year ","US Science ","BIOLOGY & HONORS BIO","Biology (High School) 2010","Miller, Kenneth R.","2010","Prentice Hall School Division","978-0bogus-13-366951-0","0-13-bogus366951-3","https://bookinfo.mbsdirect.net/TextbookInfo/Covers/0133669513.gif","Required","$105.50"
"https://bnck-12.com/all-saints","All Saints Episcopal School","2021-2022 School Year ","US Science ","CHEMISTRY & HON CHEM","Chemistry and Honors Chemistry Resource LATEST","All Saints Episcopal","LATEST","All Saints Episcopal School","","","https://bookinfo.mbsdirect.net/TextbookInfo/Covers/M002081280.gif","Required","$32.00"
"https://bnck-12.com/all-saints","All Saints Episcopal School","2021-2022 School Year ","US Science ","CHEMISTRY & HON CHEM","",,,,,,,"",""
"https://bnck-12.com/all-saints","All Saints Episcopal School","2021-2022 School Year ","US Science ","PHYSICS & HONORS PHY",,,,,,,,,
"https://bnck-12.com/all-saints","All Saints Episcopal School","2021-2022 School Year ","US Social Studies ","AP EUROPEAN HISTORY","AP European Resource LATEST","All Saints Episcopal","LATEST","All Saints Episcopal School","","","https://bookinfo.mbsdirect.net/TextbookInfo/Covers/M002081281.gif","Required","$32.00"
"https://bnck-12.com/all-saints","All Saints Episcopal School","2021-2022 School Year ","US Social Studies ","AP EUROPEAN HISTORY","",,,,,,,"",""
"https://bnck-12.com/all-saints","All Saints Episcopal School","2021-2022 School Year ","US Social Studies ","AP GOVERNMENT","Government in America AP - Text Only 16TH 14","Edwards, George C.","16TH 14","Longman, Inc.","978-0bogus-205-86575-8","0-205bogus-86575-5","https://bookinfo.mbsdirect.net/TextbookInfo/Covers/0205865755.gif","Required","$131.00$174.75"
"https://bnck-12.com/all-saints","All Saints Episcopal School","2021-2022 School Year ","US Social Studies ","AP US HISTORY","AP History Online Resource LATEST","All Saints Episcopal School","LATEST","All Saints Episcopal School","","","https://bookinfo.mbsdirect.net/TextbookInfo/Covers/M002165833.gif","Required","$57.75"
"https://bnck-12.com/all-saints","All Saints Episcopal School","2021-2022 School Year ","US Social Studies ","AP US HISTORY","",,,,,,,"",""
"https://bnck-12.com/all-saints","All Saints Episcopal School","2021-2022 School Year ","US Social Studies ","DC ECONOMICS",,,,,,,,,
"https://bnck-12.com/all-saints","All Saints Episcopal School","2021-2022 School Year ","US Social Studies ","HON WRLD HIS","Honors World History Digital Book Fee LATEST","All Saints Episcopal","LATEST","All Saints Episcopal School","","","https://bookinfo.mbsdirect.net/TextbookInfo/Covers/M002295723.gif","Required","$51.50"
"https://bnck-12.com/all-saints","All Saints Episcopal School","2021-2022 School Year ","US Social Studies ","PSYCHOLOGY",,,,,,,,,
"https://bnck-12.com/all-saints","All Saints Episcopal School","2021-2022 School Year ","US Social Studies ","REGIONAL HISTORY",,,,,,,,,
"https://bnck-12.com/all-saints","All Saints Episcopal School","2021-2022 School Year ","US Social Studies ","SOCIAL STUD ELECTIVE",,,,,,,,,
"https://bnck-12.com/all-saints","All Saints Episcopal School","2021-2022 School Year ","US Social Studies ","UNITED STATES HIST",,,,,,,,,
"https://bnck-12.com/all-saints","All Saints Episcopal School","2021-2022 School Year ","US Social Studies ","WRLD HIS","World History Digital Book Fee LATEST","All Saints Episcopal","LATEST","All Saints Episcopal School","","","https://bookinfo.mbsdirect.net/TextbookInfo/Covers/M002295722.gif","Required","$32.00"
"https://bnck-12.com/all-saints","All Saints Episcopal School","2021-2022 School Year ","US World Language ","AP FRENCH LANGUAGE",,,,,,,,,
"https://bnck-12.com/all-saints","All Saints Episcopal School","2021-2022 School Year ","US World Language ","AP SPANISH LANGUAGE","Temas: AP Spanish Language and Culture - With SuperSite Access 2014","Dragget","2014","Vista Higher Learning","978-1bogus-61857-244-8","1-618bogus57-244-X","https://bookinfo.mbsdirect.net/TextbookInfo/Covers/161857244X.gif","Required","$153.50"
"https://bnck-12.com/all-saints","All Saints Episcopal School","2021-2022 School Year ","US World Language ","AP SPANISH LANGUAGE","",,,,,,,"",""
"https://bnck-12.com/all-saints","All Saints Episcopal School","2021-2022 School Year ","US World Language ","HON FRENCH I","Discovering French Today!: Level 1 2013","Valette, Jean-Paul","2013","McDougal Littell","978-0bogus-547-87156-1","0-547bogus-87156-2","https://bookinfo.mbsdirect.net/TextbookInfo/Covers/0547871562.gif","Required","$29.35"
"https://bnck-12.com/all-saints","All Saints Episcopal School","2021-2022 School Year ","US World Language ","HON SPAN III","Spanish III Digital Book Fee LATEST","All Saints Episcopal","LATEST","All Saints Episcopal School","","","https://bookinfo.mbsdirect.net/TextbookInfo/Covers/M002295720.gif","Required","$37.00"
"https://bnck-12.com/all-saints","All Saints Episcopal School","2021-2022 School Year ","US World Language ","HONORS FRENCH II","Discovering French Today! Level 2 2013","Valette, Jean-Paul / Valette, Rebecca M.","2013","McDougal Littell","978-0bogus-547-87197-4","0-547bogus-87197-X","https://bookinfo.mbsdirect.net/TextbookInfo/Covers/054787197X.gif","Required","$29.35"
"https://bnck-12.com/all-saints","All Saints Episcopal School","2021-2022 School Year ","US World Language ","HONORS FRENCH III",,,,,,,,,
"https://bnck-12.com/all-saints","All Saints Episcopal School","2021-2022 School Year ","US World Language ","HONORS FRENCH IV",,,,,,,,,
"https://bnck-12.com/all-saints","All Saints Episcopal School","2021-2022 School Year ","US World Language ","HONORS SPANISH IV","H Spanish IV Digital Book Fee LATEST","All Saints Episcopal","LATEST","All Saints Episcopal School","","","https://bookinfo.mbsdirect.net/TextbookInfo/Covers/M002295721.gif","Required","$37.00"
"https://bnck-12.com/all-saints","All Saints Episcopal School","2021-2022 School Year ","US World Language ","SPAN I & HON SPAN I","Spanish I and H Spanish 1 Digital Book Fee LATEST","All Saints Episcopal School","LATEST","All Saints Episcopal School","","","https://bookinfo.mbsdirect.net/TextbookInfo/Covers/M002295716.gif","Required","$37.00"
"https://bnck-12.com/all-saints","All Saints Episcopal School","2021-2022 School Year ","US World Language ","SPAN II & HON SPANII","Spanish II and H Spanish II Digital Book Fee LATEST","All Saints Episcopal School","LATEST","All Saints Episcopal School","","","https://bookinfo.mbsdirect.net/TextbookInfo/Covers/M002295718.gif","Required","$37.00"
"https://bnck-12.com/all-saints","All Saints Episcopal School","2021-2022 School Year ","US World Language ","SPANISH III ELECTIVE","Spanish III Book Resources Fee LATEST","ALL SAINTS EP.","LATEST","All Saints Episcopal School","","","https://bookinfo.mbsdirect.net/TextbookInfo/Covers/M005417518.gif","Required","$37.00"
"https://bnck-12.com/all-saints","All Saints Episcopal School","2021-2022 School Year ","Middle School (Grades 5-8) ","ALGEBRA I MS",,,,,,,,,
"https://bnck-12.com/all-saints","All Saints Episcopal School","2021-2022 School Year ","Middle School (Grades 5-8) ","AMERICAN HISTORY7",,,,,,,,,
"https://bnck-12.com/all-saints","All Saints Episcopal School","2021-2022 School Year ","Middle School (Grades 5-8) ","AMERICAN HISTORY8",,,,,,,,,
"https://bnck-12.com/all-saints","All Saints Episcopal School","2021-2022 School Year ","Middle School (Grades 5-8) ","BEG BAND 6 6TH GRADE BEGINING BAND","Band Foundations Book Fee LATEST","All Saints Ep.","LATEST","All Saints Episcopal School","","","https://bookinfo.mbsdirect.net/TextbookInfo/Covers/M006239504.gif","Required","$22.00"
"https://bnck-12.com/all-saints","All Saints Episcopal School","2021-2022 School Year ","Middle School (Grades 5-8) ","CHINESE I - 6 GRADE","Chinese I-6 Book Resources Fee LATEST","All Saints Episcopal School","LATEST","All Saints Episcopal School","","","https://bookinfo.mbsdirect.net/TextbookInfo/Covers/M005417529.gif","Required","$32.00"
"https://bnck-12.com/all-saints","All Saints Episcopal School","2021-2022 School Year ","Middle School (Grades 5-8) ","CHINESE I - 7 GRADE","Chinese I - Book Resources Fee LATEST","All Saints Episcopal School","LATEST","All Saints Episcopal School","","","https://bookinfo.mbsdirect.net/TextbookInfo/Covers/M006283690.gif","Required","$32.00"
"https://bnck-12.com/all-saints","All Saints Episcopal School","2021-2022 School Year ","Middle School (Grades 5-8) ","ENGLISH 5",,,,,,,,,
"https://bnck-12.com/all-saints","All Saints Episcopal School","2021-2022 School Year ","Middle School (Grades 5-8) ","ENGLISH 6",,,,,,,,,
"https://bnck-12.com/all-saints","All Saints Episcopal School","2021-2022 School Year ","Middle School (Grades 5-8) ","ENGLISH-7",,,,,,,,,
"https://bnck-12.com/all-saints","All Saints Episcopal School","2021-2022 School Year ","Middle School (Grades 5-8) ","ENGLISH-8",,,,,,,,,
"https://bnck-12.com/all-saints","All Saints Episcopal School","2021-2022 School Year ","Middle School (Grades 5-8) ","FRENCH I - 6 GRADE","French 1, Grade 6 Book and Digital Book Fee LATEST","ALL SAINTS EP.","LATEST","All Saints Episcopal School","","","https://bookinfo.mbsdirect.net/TextbookInfo/Covers/M005430837.gif","Required","$17.00"
"https://bnck-12.com/all-saints","All Saints Episcopal School","2021-2022 School Year ","Middle School (Grades 5-8) ","FRENCH I - 7 GRADE","Discovering French Today!: Level 1 2013","Valette, Jean-Paul","2013","McDougal Littell","978-0bogus-547-87156-1","0-547bogus-87156-2","https://bookinfo.mbsdirect.net/TextbookInfo/Covers/0547871562.gif","Required","$29.35"
"https://bnck-12.com/all-saints","All Saints Episcopal School","2021-2022 School Year ","Middle School (Grades 5-8) ","FRENCH I - 8 GRADE","Discovering French Today!: Level 1 2013","Valette, Jean-Paul","2013","McDougal Littell","978-0bogus-547-87156-1","0-547bogus-87156-2","https://bookinfo.mbsdirect.net/TextbookInfo/Covers/0547871562.gif","Required","$29.35"
"https://bnck-12.com/all-saints","All Saints Episcopal School","2021-2022 School Year ","Middle School (Grades 5-8) ","HISTORY-5",,,,,,,,,
"https://bnck-12.com/all-saints","All Saints Episcopal School","2021-2022 School Year ","Middle School (Grades 5-8) ","HISTORY-6",,,,,,,,,
"https://bnck-12.com/all-saints","All Saints Episcopal School","2021-2022 School Year ","Middle School (Grades 5-8) ","LIFE SCIENCE-7",,,,,,,,,
"https://bnck-12.com/all-saints","All Saints Episcopal School","2021-2022 School Year ","Middle School (Grades 5-8) ","MATH-5","Math 5 Book and Digital Book Fee LATEST","ALL SAINTS EP.","LATEST","All Saints Episcopal School","","","https://bookinfo.mbsdirect.net/TextbookInfo/Covers/M005430836.gif","Required","$22.00"
"https://bnck-12.com/all-saints","All Saints Episcopal School","2021-2022 School Year ","Middle School (Grades 5-8) ","MATH-6",,,,,,,,,
"https://bnck-12.com/all-saints","All Saints Episcopal School","2021-2022 School Year ","Middle School (Grades 5-8) ","PHYSICAL SCIENCE-8",,,,,,,,,
"https://bnck-12.com/all-saints","All Saints Episcopal School","2021-2022 School Year ","Middle School (Grades 5-8) ","PRE-ALGEBRA","McDougal Littell Pre-Algebra - Student Edition 2008","Larson, Ron / Stiff, Lee / Boswell, Laurie / Kanold, Timothy","2008","McDougal Littell","978-0bogus-618-80076-6","0-618bogus-80076-X","https://bookinfo.mbsdirect.net/TextbookInfo/Covers/061880076X.gif","Required",""
"https://bnck-12.com/all-saints","All Saints Episcopal School","2021-2022 School Year ","Middle School (Grades 5-8) ","SCIENCE-5","5th Grade Science Resource LATEST","All Saints Episcopal School","LATEST","All Saints Episcopal School","","","https://bookinfo.mbsdirect.net/TextbookInfo/Covers/M002166451.gif","Required","$26.00"
"https://bnck-12.com/all-saints","All Saints Episcopal School","2021-2022 School Year ","Middle School (Grades 5-8) ","SCIENCE-6","6th Grade Science Resource LATEST","All Saints Episcopal","LATEST","All Saints Episcopal School","","","https://bookinfo.mbsdirect.net/TextbookInfo/Covers/M002081641.gif","Required","$26.00"
"https://bnck-12.com/all-saints","All Saints Episcopal School","2021-2022 School Year ","Middle School (Grades 5-8) ","SPANISH 1-6 GRADE","Spanish I-6 Book Resources Fee LATEST","ALL SAINTS EP.","LATEST","All Saints Episcopal School","","","https://bookinfo.mbsdirect.net/TextbookInfo/Covers/M005417525.gif","Required","$32.00"
"https://bnck-12.com/all-saints","All Saints Episcopal School","2021-2022 School Year ","Middle School (Grades 5-8) ","SPANISH 1-8 GRADE","Spanish I-8 Digital Book Fee LATEST","All Saints Episcopal","LATEST","All Saints Episcopal School","","","https://bookinfo.mbsdirect.net/TextbookInfo/Covers/M002299870.gif","Required","$37.00"
"https://bnck-12.com/all-saints","All Saints Episcopal School","2021-2022 School Year ","Middle School (Grades 5-8) ","SPANISH I - 7 GRADE","Spanish I-7 Book Resources Fee LATEST","ALL SAINTS EP.","LATEST","All Saints Episcopal School","","","https://bookinfo.mbsdirect.net/TextbookInfo/Covers/M005417523.gif","Required","$32.00"
"https://bnck-12.com/all-saints","All Saints Episcopal School","2021-2022 School Year ","Middle School (Grades 5-8) ","WORLD LANGUAGE-5",,,,,,,,,